<?xml version="1.0" encoding="UTF-8"?>
<!DOCTYPE hibernate-mapping PUBLIC 
"-//Hibernate/Hibernate Mapping DTD 3.0//EN"
"http://hibernate.sourceforge.net/hibernate-mapping-3.0.dtd">

<hibernate-mapping>
    <class name="com.hibernate.poc.model.Student" table="Students">
        <id name="studentId" type="int" column="studentId">
            <generator class="increment" />
        </id>
        <property name="studentName">
            <column name="studentName" />
        </property>
        <property name="department">
            <column name="department" />
        </property>
        <property name="country">
            <column name="country" />
        </property>
    </class>
</hibernate-mapping>